<?xml version="1.0"?>  
<class>  
    <table>  
        <name>persons</name>  
        <alias>Test</alias>  
        <condition>
        	<left>age</left>
        	<operator>"&gt;="</operator>
        	<right>4</right>
        	<listRight></listRight>
        </condition>
        <condition>
        	<left>Test.age</left>
        	<operator>"&lt;"</operator>
        	<right>7</right>
        	<listRight></listRight>
        </condition>
        <condition>
        	<left>age</left>
        	<operator>"&gt;"</operator>
        	<right>9</right>
        	<listRight></listRight>
        </condition>
        <condition>
        	<left>age</left>
        	<operator>"&lt;"</operator>
        	<right>2</right>
        	<listRight></listRight>
        </condition>
    </table>
</class>  