<?xml version="1.0"?>  
<class>  
    <table>  
        <name>persons</name>  
        <alias>test</alias>  
        <condition>
        	<left>test.name</left>
        	<operator>"="</operator>
        	<right>KEY1</right>
        	<listRight></listRight>
        </condition>
        <condition>
        	<left>age</left>
        	<operator>"IN"</operator>
        	<right></right>
        	<listRight>1,2,100</listRight>
        </condition>
        <condition>
        	<left>age</left>
        	<operator>"NOT IN"</operator>
        	<right></right>
        	<listRight>99,100,2,15</listRight>
        </condition>
    </table>
    <table>  
        <name>company</name>  
        <alias>comp</alias>  
        <condition>
        	<left>comp.name</left>
        	<operator>"="</operator>
        	<right>KEY1</right>
        	<listRight></listRight>
        </condition>
        <condition>
        	<left>comp.name</left>
        	<operator>"="</operator>
        	<right>KEY2</right>
        	<listRight></listRight>
        </condition>
    </table>
    <table>  
        <name>person_company</name>  
        <alias>cp</alias>  
        <condition>
        	<left>cp.name</left>
        	<operator>"="</operator>
        	<right>KEY2</right>
        	<listRight></listRight>
        </condition>
    </table>
</class>  